2020-06-23-23-07-47,R対局(15分),cuncoro,1474,pogy77,1338,先手勝ち,91,四間飛車;片美濃囲い;美濃囲い;,エルモ囲い;,http://192.168.56.7/t-msyk.github.io/sc24/kif/2020-06-23-23-07-47-4448922-0951ea42a3d2793c048582783cc52668-toyo.kif
2020-06-23-20-43-17,R対局(15分),cuncoro,1493,daikei,1428,後手勝ち,134,向飛車;,三間飛車;金無双;,http://192.168.56.7/t-msyk.github.io/sc24/kif/2020-06-23-20-43-17-4445523-44f5f426e3fc2bd2b919d859a4c845da-toyo.kif
2020-06-23-20-10-01,R対局(15分),kikkake,1347,cuncoro,1516,先手勝ち,99,向飛車;,三間飛車;金無双;,http://192.168.56.7/t-msyk.github.io/sc24/kif/2020-06-23-20-10-01-4444728-c0fe073a112f8426a51e5d283dd37c4d-toyo.kif
2020-06-23-19-16-48,R対局(15分),cuncoro,1498,voynet,1537,先手勝ち,89,四間飛車;片美濃囲い;美濃囲い;高美濃囲い;,対抗形;居飛車;棒銀;船囲い;袖飛車;,http://192.168.56.7/t-msyk.github.io/sc24/kif/2020-06-23-19-16-48-4443762-54b7e9b97292bffb2336c87ed654f84b-toyo.kif
2020-06-23-18-32-04,R対局(15分),barukoma,1492,cuncoro,1515,先手勝ち,93,対抗形;居飛車;,四間飛車;,http://192.168.56.7/t-msyk.github.io/sc24/kif/2020-06-23-18-32-04-4443053-7f0b26b1e323e2542b6d22182d93705f-toyo.kif
2020-06-23-17-49-52,R対局(15分),pyramid4,1449,cuncoro,1501,後手勝ち,110,中飛車;穴熊;,三間飛車;片美濃囲い;美濃囲い;高美濃囲い;,http://192.168.56.7/t-msyk.github.io/sc24/kif/2020-06-23-17-49-52-4442364-683aa75b4537a7abcb12c6811959eb83-toyo.kif
2020-06-23-17-44-27,R対局(15分),cuncoro,1488,tetunosuke,1416,先手勝ち,45,四間飛車;片美濃囲い;美濃囲い;高美濃囲い;,対抗形;居飛車;船囲い;,http://192.168.56.7/t-msyk.github.io/sc24/kif/2020-06-23-17-44-27-4442281-e98bd52fa56ab0591087841d21ea3610-toyo.kif
2020-06-23-16-27-02,R対局(15分),cuncoro,1508,hhesse,1402,後手勝ち,86,四間飛車;片美濃囲い;美濃囲い;,対抗形;対振り持久戦;居飛車;船囲い;,http://192.168.56.7/t-msyk.github.io/sc24/kif/2020-06-23-16-27-02-4440921-0782ec476369be5eec17621a59881b0c-toyo.kif
2020-06-23-15-42-40,R対局(15分),cuncoro,1491,ti1972,1510,先手勝ち,93,四間飛車;,対抗形;居飛車;,http://192.168.56.7/t-msyk.github.io/sc24/kif/2020-06-23-15-42-40-4440212-14978152e217cc8ba14e6c47f29d41ea-toyo.kif
2020-06-23-12-13-06,R対局(15分),cuncoro,1508,kagula,1490,後手勝ち,104,向飛車;,三間飛車;,http://192.168.56.7/t-msyk.github.io/sc24/kif/2020-06-23-12-13-06-4437331-6f83e4fba2e28f446a6d1a702f8f5083-toyo.kif
2020-06-22-22-23-19,R対局(早指2),Giru-giru,1966,yakkun5,1935,先手勝ち,80,右四間飛車;エルモ囲い;,三間飛車;片美濃囲い;美濃囲い;,http://192.168.56.7/t-msyk.github.io/sc24/kif/2020-06-22-22-23-19-4431033-74e74c075e50aa7262938d9aeac981f6-toyo.kif
2020-06-22-22-00-06,R対局(早指2),subculture,1936,Giru-giru,1984,先手勝ち,83,三間飛車;片美濃囲い;美濃囲い;,居飛車;居飛車穴熊;,http://192.168.56.7/t-msyk.github.io/sc24/kif/2020-06-22-22-00-06-4430471-4b064c1ae5d55b2033345ce65119dbd0-toyo.kif
2020-06-22-20-15-06,R対局(15分),rererain,1472,cuncoro,1493,後手勝ち,96,中飛車;,三間飛車;片美濃囲い;美濃囲い;,http://192.168.56.7/t-msyk.github.io/sc24/kif/2020-06-22-20-15-06-4427631-fd66fcf2ffb7eca02ad523adb211ac3c-toyo.kif
2020-06-22-19-46-18,R対局(15分),mitsuji,1308,sadistic_candy,1313,先手勝ち,111,早石田;,中飛車;居飛車穴熊;,http://192.168.56.7/t-msyk.github.io/sc24/kif/2020-06-22-19-46-18-4426917-cd850923f1c2bacfb09304e3c10b0ae7-toyo.kif
2020-06-22-19-10-12,R対局(15分),musou12,1407,cuncoro,1513,先手勝ち,121,三間飛車;早石田;片美濃囲い;美濃囲い;,向飛車;,http://192.168.56.7/t-msyk.github.io/sc24/kif/2020-06-22-19-10-12-4426164-6ecb9105ed76d93bb9373df96f03d8c0-toyo.kif
2020-06-22-18-34-55,R対局(15分),cuncoro,1530,ti1972,1494,後手勝ち,112,四間飛車;片美濃囲い;美濃囲い;,対抗形;居飛車;棒銀;袖飛車;,http://192.168.56.7/t-msyk.github.io/sc24/kif/2020-06-22-18-34-55-4425501-4aa66a9b03b040c69cd5e725f8b1926f-toyo.kif
2020-06-22-18-23-40,R対局(早指2),fhujimori,1952,Giru-giru,1969,後手勝ち,70,居飛車;船囲い;,右四間飛車;雁木;,http://192.168.56.7/t-msyk.github.io/sc24/kif/2020-06-22-18-23-40-4425284-b0c1faa430ff6ebb94b538038d4a121d-toyo.kif
2020-06-22-17-27-54,R対局(15分),mitsuji,1292,ueza108,1302,先手勝ち,59,,三間飛車;,http://192.168.56.7/t-msyk.github.io/sc24/kif/2020-06-22-17-27-54-4424182-c0cbadcb463d9222488a3b8b14c780da-toyo.kif
2020-06-22-14-20-27,R対局(15分),cuncoro,1515,trimalchio,1500,先手勝ち,101,四間飛車;片美濃囲い;美濃囲い;高美濃囲い;,対抗形;居飛車;船囲い;,http://192.168.56.7/t-msyk.github.io/sc24/kif/2020-06-22-14-20-27-4420883-718c5a7bc9f4303535410a09128fbbf4-toyo.kif
2020-06-22-12-12-33,R対局(15分),cuncoro,1503,hkmhsr,1408,先手勝ち,65,四間飛車;美濃囲い;高美濃囲い;,対抗形;居飛車;船囲い;,http://192.168.56.7/t-msyk.github.io/sc24/kif/2020-06-22-12-12-33-4419144-1da6161c46ef50ba0b246e707b6c6967-toyo.kif
2020-06-22-10-35-41,R対局(15分),Fine Emotion,1472,cuncoro,1488,後手勝ち,76,対抗形;居飛車;船囲い;,四間飛車;片美濃囲い;美濃囲い;,http://192.168.56.7/t-msyk.github.io/sc24/kif/2020-06-22-10-35-41-4418056-d08a9e46fcf15f5d7b545965b5637ccd-toyo.kif
2020-06-22-03-26-09,R対局(15分),kabuo-,1194,mitsuji,1279,後手勝ち,90,居飛車;腰掛け銀;角換わり;,居飛車;腰掛け銀;角換わり;,http://192.168.56.7/t-msyk.github.io/sc24/kif/2020-06-22-03-26-09-4415993-7924305a1cd08df813a568e1799387ba-toyo.kif
2020-06-21-22-19-40,R対局(15分),fumineko,1279,mitsuji,1262,後手勝ち,117,居飛車;腰掛け銀;角換わり;,居飛車;腰掛け銀;角換わり;,http://192.168.56.7/t-msyk.github.io/sc24/kif/2020-06-21-22-19-40-4413075-30a64f9bb10320d20ffb5bc2511ae53a-toyo.kif
2020-06-21-19-58-20,R対局(15分),riki1010,1528,cuncoro,1470,後手勝ち,92,中飛車;,三間飛車;片美濃囲い;美濃囲い;高美濃囲い;,http://192.168.56.7/t-msyk.github.io/sc24/kif/2020-06-21-19-58-20-4409854-2390b838a62c74c076a8c4bb686b4b4c-toyo.kif
2020-06-21-10-01-39,R対局(15分),cuncoro,1491,Shiina.N,1371,後手勝ち,128,四間飛車;片美濃囲い;美濃囲い;高美濃囲い;,対抗形;居飛車;棒銀;船囲い;袖飛車;,http://192.168.56.7/t-msyk.github.io/sc24/kif/2020-06-21-10-01-39-4396423-bab47f3c7e38a1d0c445763da731712c-toyo.kif
2020-06-20-22-16-27,R対局(15分),z_polaris,1390,cuncoro,1512,先手勝ち,95,対抗形;対振り持久戦;居飛車;船囲い;,三間飛車;片美濃囲い;美濃囲い;,http://192.168.56.7/t-msyk.github.io/sc24/kif/2020-06-20-22-16-27-4389287-7380c994847f12f3c341df1821733b02-toyo.kif
2020-06-20-21-48-29,R対局(早指2),mitsuji,1278,Cure Yell,1267,後手勝ち,90,三間飛車;早石田;石田流本組;,右四間飛車;エルモ囲い;袖飛車;,http://192.168.56.7/t-msyk.github.io/sc24/kif/2020-06-20-21-48-29-4388650-5f23868d8fe0f8a3799ed4d782d33bba-toyo.kif
2020-06-20-21-45-20,R対局(早指2),MAKOTO_MIZ,1473,cuncoro,1530,先手勝ち,133,対抗形;居飛車;,四間飛車;片美濃囲い;美濃囲い;高美濃囲い;,http://192.168.56.7/t-msyk.github.io/sc24/kif/2020-06-20-21-45-20-4388573-077c903acb46ded12db7b29f2ac3d333-toyo.kif
2020-06-20-19-01-48,R対局(15分),sadistic_candy,1424,cuncoro,1518,後手勝ち,82,対抗形;居飛車;船囲い;袖飛車;,四間飛車;片美濃囲い;美濃囲い;,http://192.168.56.7/t-msyk.github.io/sc24/kif/2020-06-20-19-01-48-4384588-8476ca04a094a6a93fde8fc13f42657a-toyo.kif
2020-06-20-17-02-58,R対局(15分),cuncoro,1503,model2,1480,先手勝ち,133,四間飛車;片美濃囲い;美濃囲い;,対抗形;居飛車;船囲い;,http://192.168.56.7/t-msyk.github.io/sc24/kif/2020-06-20-17-02-58-4381652-acc30f3af8237e2408531449412a6bea-toyo.kif
2020-06-20-15-17-08,R対局(15分),yoghurt,1446,cuncoro,1522,先手勝ち,111,対抗形;居飛車;船囲い;,四間飛車;片美濃囲い;美濃囲い;高美濃囲い;,http://192.168.56.7/t-msyk.github.io/sc24/kif/2020-06-20-15-17-08-4378913-c892c0ee75a3e73d10c4c4d28e64eae2-toyo.kif
2020-06-20-08-30-10,R対局(15分),momoyoshio,1587,cuncoro,1503,後手勝ち,118,対抗形;居飛車;,四間飛車;片美濃囲い;美濃囲い;高美濃囲い;,http://192.168.56.7/t-msyk.github.io/sc24/kif/2020-06-20-08-30-10-4371200-cc23179231bb39b9120e22ba4f7f669f-toyo.kif
2020-06-19-17-27-09,R対局(15分),chirro,1281,mitsuji,1295,先手勝ち,69,右四間飛車;,三間飛車;片美濃囲い;石田流本組;美濃囲い;,http://192.168.56.7/t-msyk.github.io/sc24/kif/2020-06-19-17-27-09-4359096-e06b38fc172a44730ad43e2760864dcc-toyo.kif
2020-06-19-15-28-48,R対局(15分),Sinthia,1544,cuncoro,1485,後手勝ち,168,居飛車;飯島流引き角戦法;,四間飛車;片美濃囲い;美濃囲い;,http://192.168.56.7/t-msyk.github.io/sc24/kif/2020-06-19-15-28-48-4356673-2333d1951415d1ab3b417121eb100e70-toyo.kif
2020-06-19-14-16-01,R対局(15分),cuncoro,1473,SHIRANI,1369,先手勝ち,133,四間飛車;片美濃囲い;美濃囲い;高美濃囲い;,,http://192.168.56.7/t-msyk.github.io/sc24/kif/2020-06-19-14-16-01-4355307-21d7c315eac5f2fb76537ec3a1982389-toyo.kif
2020-06-19-12-07-40,R対局(15分),cuncoro,1455,Rittuka,1496,先手勝ち,125,向飛車;片美濃囲い;美濃囲い;,四間飛車;片美濃囲い;,http://192.168.56.7/t-msyk.github.io/sc24/kif/2020-06-19-12-07-40-4353333-12243d59ec5c7ce69535f1a8cea6f3af-toyo.kif
2020-06-18-23-40-34,R対局(早指),ykbpapa,1279,mitsuji,1279,後手勝ち,76,居飛車;,三間飛車;片美濃囲い;石田流本組;美濃囲い;,http://192.168.56.7/t-msyk.github.io/sc24/kif/2020-06-18-23-40-34-4347804-f0c16b1d9c826ec57e324f42dc34d67b-toyo.kif
2020-06-18-20-16-29,R対局(15分),cuncoro,1440,111594,1424,先手勝ち,71,四間飛車;片美濃囲い;美濃囲い;高美濃囲い;,対抗形;対振り持久戦;居飛車;,http://192.168.56.7/t-msyk.github.io/sc24/kif/2020-06-18-20-16-29-4342864-a9e90e8f1ab3d60388e2da40c9b4d0a2-toyo.kif
2020-06-18-18-05-41,R対局(早指2),Giru-giru,1954,javier,1935,先手勝ち,111,居飛車;,居飛車;,http://192.168.56.7/t-msyk.github.io/sc24/kif/2020-06-18-18-05-41-4339977-71bb583d239bf9cb42febeaaaa80b20c-toyo.kif
2020-06-18-17-39-50,R対局(早指2),mitsuji,1294,morita4769,1326,後手勝ち,104,中飛車（居飛車）;居飛車;,居飛車;,http://192.168.56.7/t-msyk.github.io/sc24/kif/2020-06-18-17-39-50-4339470-d819c154d3c73623453f1161e1b389e1-toyo.kif
2020-06-18-17-11-11,R対局(15分),kannza,1407,cuncoro,1425,後手勝ち,124,対抗形;居飛車;船囲い;袖飛車;,四間飛車;片美濃囲い;美濃囲い;,http://192.168.56.7/t-msyk.github.io/sc24/kif/2020-06-18-17-11-11-4338888-6acdf0a491cf73e982550599186bf27e-toyo.kif
2020-06-18-12-29-12,R対局(15分),cuncoro,1411,kaiteijin,1368,先手勝ち,93,四間飛車;片美濃囲い;美濃囲い;,居飛車;船囲い;,http://192.168.56.7/t-msyk.github.io/sc24/kif/2020-06-18-12-29-12-4334037-bc81cfafae45e6d04d1268a3b438df20-toyo.kif
2020-06-18-12-14-13,R対局(早指2),cuncoro,1393,TIT1985,1433,先手勝ち,81,四間飛車;美濃囲い;,天守閣美濃;対抗形;居飛車;船囲い;,http://192.168.56.7/t-msyk.github.io/sc24/kif/2020-06-18-12-14-13-4333832-1872b2d8bb8462aab645e3b1bc497291-toyo.kif
2020-06-17-23-46-44,R対局(15分),taku-a,1207,cuncoro,1417,先手勝ち,109,右四間飛車;,四間飛車;片美濃囲い;美濃囲い;,http://192.168.56.7/t-msyk.github.io/sc24/kif/2020-06-17-23-46-44-4328984-19c03e5feb0060197dbb8091acd852ed-toyo.kif
2020-06-17-22-55-55,R対局(早指2),weeweek,1231,mitsuji,1280,後手勝ち,84,対抗形;対振り持久戦;居飛車;,トマホーク;三間飛車;,http://192.168.56.7/t-msyk.github.io/sc24/kif/2020-06-17-22-55-55-4328146-5135d25a27a25390340f7dcacc50ade4-toyo.kif
2020-06-17-22-43-23,R対局(早指2),mina88,1334,cuncoro,1404,後手勝ち,75,対抗形;対振り持久戦;居飛車;船囲い;,四間飛車;片美濃囲い;美濃囲い;,http://192.168.56.7/t-msyk.github.io/sc24/kif/2020-06-17-22-43-23-4327917-3e2c3fc3ba535d11cdf1dd52631a57ea-toyo.kif
2020-06-17-22-30-17,R対局(早指2),ryonpeco,1359,cuncoro,1389,後手勝ち,60,中飛車;片美濃囲い;,三間飛車;,http://192.168.56.7/t-msyk.github.io/sc24/kif/2020-06-17-22-30-17-4327633-5f1be9ba4bcebf430384cba2658f2cf4-toyo.kif
2020-06-17-21-46-11,R対局(15分),cuncoro,1407,remy-co,1365,後手勝ち,110,四間飛車;,対抗形;対振り持久戦;居飛車;船囲い;,http://192.168.56.7/t-msyk.github.io/sc24/kif/2020-06-17-21-46-11-4326597-0addc7d1b665f901514c22c8348a7039-toyo.kif
2020-06-17-21-27-23,R対局(15分),cuncoro,1390,ikun-oh,1426,先手勝ち,85,四間飛車;片美濃囲い;美濃囲い;高美濃囲い;,,http://192.168.56.7/t-msyk.github.io/sc24/kif/2020-06-17-21-27-23-4326094-cdc41d4a9c25f1823f757078d3ab69d5-toyo.kif
2020-06-17-17-56-27,R対局(早指2),haguregumo,1858,Giru-giru,1941,後手勝ち,98,四間飛車;片美濃囲い;美濃囲い;角交換四間飛車;角頭歩;,銀冠;,http://192.168.56.7/t-msyk.github.io/sc24/kif/2020-06-17-17-56-27-4321289-3381eab1bb8560c7a04b25c4efd1cde4-toyo.kif
2020-06-17-17-45-15,R対局(早指2),Giru-giru,1923,hebokari,1979,先手勝ち,115,居飛車;銀冠;銀冠穴熊;,四間飛車;片美濃囲い;美濃囲い;高美濃囲い;,http://192.168.56.7/t-msyk.github.io/sc24/kif/2020-06-17-17-45-15-4321057-8c430d8385e6e2524817ee900eda3917-toyo.kif
2020-06-17-17-32-37,R対局(早指2),Giru-giru,1942,shogo.h,1864,後手勝ち,80,居飛車;角換わり;,居飛車;,http://192.168.56.7/t-msyk.github.io/sc24/kif/2020-06-17-17-32-37-4320833-f87b8b536979d33791b11d2cf1d7993f-toyo.kif
2020-06-17-12-35-33,R対局(早指),Giru-giru,1963,Hiros510,1841,後手勝ち,98,袖飛車;,右四間飛車;,http://192.168.56.7/t-msyk.github.io/sc24/kif/2020-06-17-12-35-33-4315946-8c7af1b13f9a6c08acc8195f60f07791-toyo.kif
2020-06-17-12-11-57,R対局(15分),iidas294,1372,cuncoro,1407,先手勝ち,109,右四間飛車;銀冠;,四間飛車;片美濃囲い;美濃囲い;高美濃囲い;,http://192.168.56.7/t-msyk.github.io/sc24/kif/2020-06-17-12-11-57-4315643-b33c1a88622d7b219c17c3679a78b37a-toyo.kif
2020-06-16-22-42-51,R対局(15分),a.murata,1484,cuncoro,1420,先手勝ち,143,対抗形;居飛車;,三間飛車;四間飛車;片美濃囲い;美濃囲い;,http://192.168.56.7/t-msyk.github.io/sc24/kif/2020-06-16-22-42-51-4309791-82d886d10781b70adc99509bf5a5aadc-toyo.kif
2020-06-16-21-49-44,R対局(15分),mitsuji,1266,yanyan0207,1223,先手勝ち,83,三間飛車;早石田;,右四間飛車;居飛車穴熊;,http://192.168.56.7/t-msyk.github.io/sc24/kif/2020-06-16-21-49-44-4308557-43566f651c49dce35cf008f1441c3eb6-toyo.kif
2020-06-16-20-02-13,R対局(15分),beefcake,1474,cuncoro,1401,後手勝ち,62,対抗形;居飛車;船囲い;,四間飛車;片美濃囲い;美濃囲い;高美濃囲い;,http://192.168.56.7/t-msyk.github.io/sc24/kif/2020-06-16-20-02-13-4305627-3b1e5edd927ab50724b231d63257023f-toyo.kif
2020-06-16-18-01-15,R対局(早指2),Giru-giru,1945,xiuxiu1950,2005,先手勝ち,101,居飛車;腰掛け銀;角換わり;ツノ銀雁木;,居飛車;矢倉;角換わり;,http://192.168.56.7/t-msyk.github.io/sc24/kif/2020-06-16-18-01-15-4303156-515fdcf6dfba2260429e11802f250c34-toyo.kif
2020-06-16-11-05-59,R対局(15分),kodouka,1388,cuncoro,1418,先手勝ち,109,三間飛車;片美濃囲い;美濃囲い;高美濃囲い;,向飛車;四間飛車;,http://192.168.56.7/t-msyk.github.io/sc24/kif/2020-06-16-11-05-59-4296698-067a76a6f2c7242cd1266eb44776d9a3-toyo.kif
2020-06-16-10-32-55,R対局(15分),igaraji,1294,cuncoro,1406,後手勝ち,87,対抗形;居飛車;,四間飛車;片美濃囲い;美濃囲い;,http://192.168.56.7/t-msyk.github.io/sc24/kif/2020-06-16-10-32-55-4296318-fbc31d6f49074f39e72432533b2e6074-toyo.kif
2020-06-16-09-22-37,R対局(15分),cuncoro,1393,kida meijin,1307,先手勝ち,99,四間飛車;片美濃囲い;美濃囲い;高美濃囲い;,右四間飛車;船囲い;,http://192.168.56.7/t-msyk.github.io/sc24/kif/2020-06-16-09-22-37-4295626-bb7170e731126b039328d2b9f889c567-toyo.kif
2020-06-15-20-59-17,R対局(15分),cuncoro,1377,toshiteji,1370,先手勝ち,127,四間飛車;片美濃囲い;美濃囲い;,対抗形;居飛車;,http://192.168.56.7/t-msyk.github.io/sc24/kif/2020-06-15-20-59-17-4288630-ab47c9acebf38bdd46bc3c240f4b0b91-toyo.kif
2020-06-15-20-58-49,R対局(15分),cielstar3,172,nanopico,151,後手勝ち,58,四間飛車;片美濃囲い;美濃囲い;,三間飛車;,http://192.168.56.7/t-msyk.github.io/sc24/kif/2020-06-15-20-58-49-4288615-647b2ec1d8cdf284137ef0dd0818bc9a-toyo.kif
2020-06-15-20-26-42,R対局(15分),asanebou,1419,cuncoro,1359,後手勝ち,108,三間飛車;早石田;片美濃囲い;美濃囲い;,向飛車;,http://192.168.56.7/t-msyk.github.io/sc24/kif/2020-06-15-20-26-42-4287706-0c38bcf8b8e54694689c5cc5dc21c8f6-toyo.kif
2020-06-15-19-59-52,R対局(早指2),Giru-giru,1927,zazabi,1968,先手勝ち,85,袖飛車;雁木;,居飛車;船囲い;,http://192.168.56.7/t-msyk.github.io/sc24/kif/2020-06-15-19-59-52-4287018-872295d808148749f8a2dd26b382f390-toyo.kif
2020-06-15-15-50-46,R対局(15分),cuncoro,1341,cham777,1389,先手勝ち,85,四間飛車;,居飛車;,http://192.168.56.7/t-msyk.github.io/sc24/kif/2020-06-15-15-50-46-4281937-79b6fd20906984a7431500e35809f5da-toyo.kif
2020-06-15-15-21-02,R対局(15分),yataro-shinmei,1350,cuncoro,1324,後手勝ち,92,四間飛車;,向飛車;片美濃囲い;美濃囲い;,http://192.168.56.7/t-msyk.github.io/sc24/kif/2020-06-15-15-21-02-4281403-d79bd64ccc9abd83972c3e9944b782ec-toyo.kif
2020-06-15-12-19-51,R対局(早指2),mitsuji,1248,Aliyan.X,1286,先手勝ち,93,中飛車（居飛車）;,居飛車;,http://192.168.56.7/t-msyk.github.io/sc24/kif/2020-06-15-12-19-51-4278854-3614d640d401dedee971843fa4146848-toyo.kif
2020-06-14-19-32-55,R対局(15分),moriso,1280,mitsuji,1263,先手勝ち,91,対抗形;居飛車;船囲い;,三間飛車;美濃囲い;高美濃囲い;,http://192.168.56.7/t-msyk.github.io/sc24/kif/2020-06-14-19-32-55-4267861-15d79e6dee8a36f8b519cab5539a8377-toyo.kif
2020-06-14-12-02-53,R対局(早指2),TigerSyou,2035,Giru-giru,1906,後手勝ち,51,居飛車;雁木;,居飛車;,http://192.168.56.7/t-msyk.github.io/sc24/kif/2020-06-14-12-02-53-4255032-65bc6a29b4f15095bac44ce8e8c777e2-toyo.kif
2020-06-14-12-00-02,R対局(早指2),hon yowa meijin,1991,Giru-giru,1919,先手勝ち,27,,,http://192.168.56.7/t-msyk.github.io/sc24/kif/2020-06-14-12-00-02-4254976-ae703643a7ac7dec4c71a8005e35bc0e-toyo.kif
2020-06-14-11-43-50,R対局(早指),akio takusi,1901,Giru-giru,1936,先手勝ち,111,三間飛車;片美濃囲い;石田流本組;美濃囲い;高美濃囲い;,居飛車;居飛車穴熊;銀冠穴熊;,http://192.168.56.7/t-msyk.github.io/sc24/kif/2020-06-14-11-43-50-4254752-62a33f18c7fa387f831805707727e8a8-toyo.kif
2020-06-14-11-37-02,R対局(早指2),Giru-giru,1949,ken_1_40,2013,後手勝ち,64,居飛車;,居飛車;,http://192.168.56.7/t-msyk.github.io/sc24/kif/2020-06-14-11-37-02-4254648-01b830d3d12db39bc1239f81d2c9dbb1-toyo.kif
2020-06-14-11-26-25,R対局(15分),mitsuji,1247,django,1251,先手勝ち,125,居飛車;角換わり;,居飛車;角換わり;,http://192.168.56.7/t-msyk.github.io/sc24/kif/2020-06-14-11-26-25-4254465-2aa4b5529fb8d4270ebe860bc55ebb6b-toyo.kif
2020-06-14-11-10-06,R対局(早指),Giru-giru,1933,Hideomi Ejima,1933,先手勝ち,91,袖飛車;雁木;,居飛車;ツノ銀雁木;,http://192.168.56.7/t-msyk.github.io/sc24/kif/2020-06-14-11-10-06-4254166-837e1c39f7445d9edd26753ab89760aa-toyo.kif
2020-06-14-10-49-30,R対局(早指2),ramuji,1933,Giru-giru,1950,先手勝ち,101,三間飛車;片美濃囲い;,対抗形;対振り持久戦;居飛車;居飛車穴熊;,http://192.168.56.7/t-msyk.github.io/sc24/kif/2020-06-14-10-49-30-4253749-16a5420ee0dd6c3a8aab15c8cd39d845-toyo.kif
2020-06-14-07-55-32,R対局(早指2),Giru-giru,1963,shin 777,2037,後手勝ち,128,銀冠;,向飛車;穴熊;,http://192.168.56.7/t-msyk.github.io/sc24/kif/2020-06-14-07-55-32-4250842-7e2c86daf0b4a65ddfed2fd26727d060-toyo.kif
2020-06-14-02-55-36,R対局(15分),Gyouyou,1217,mitsuji,1265,先手勝ち,107,向飛車;,居飛車;,http://192.168.56.7/t-msyk.github.io/sc24/kif/2020-06-14-02-55-36-4249115-be303769a2eb74846a694b86c4b26c0a-toyo.kif
2020-06-13-21-12-34,R対局(15分),tmmyd69,1271,mitsuji,1281,先手勝ち,93,カニ囲い;居飛車;棒銀;角換わり;,雁木;,http://192.168.56.7/t-msyk.github.io/sc24/kif/2020-06-13-21-12-34-4243039-5879a86bdcdd22ac69ae353fde93785d-toyo.kif
2020-06-13-17-51-52,R対局(早指2),Giru-giru,1947,-point-,1954,先手勝ち,85,雁木;,,http://192.168.56.7/t-msyk.github.io/sc24/kif/2020-06-13-17-51-52-4237618-17fa93fa102c6fb2d043c836d53f5e3f-toyo.kif
2020-06-13-17-42-36,R対局(早指),Giru-giru,1947,yosikiti,1941,中断,76,居飛車;雁木;,カニ囲い;居飛車;棒銀;,http://192.168.56.7/t-msyk.github.io/sc24/kif/2020-06-13-17-42-36-4237343-60508170980b4fec845f7891b58de311-toyo.kif
2020-06-13-16-46-49,R対局(早指2),Giru-giru,1932,take0518,1906,先手勝ち,93,角換わり;雁木;,居飛車;角換わり;,http://192.168.56.7/t-msyk.github.io/sc24/kif/2020-06-13-16-46-49-4235583-d75de27effa2d61a512a328cca9d9759-toyo.kif
2020-06-13-16-15-16,R対局(15分),sidewinderYOSIDA,1274,mitsuji,1265,後手勝ち,116,居飛車;棒銀;角換わり;,右玉;居飛車;角換わり;,http://192.168.56.7/t-msyk.github.io/sc24/kif/2020-06-13-16-15-16-4234528-84b6365e089dffa5dcdae01009677155-toyo.kif
2020-06-13-13-48-22,R対局(早指2),Giru-giru,1946,zuizan,1989,後手勝ち,112,居飛車;雁木;,カニ囲い;居飛車;,http://192.168.56.7/t-msyk.github.io/sc24/kif/2020-06-13-13-48-22-4230173-2378be5430a9955e5bc26e7f205a07af-toyo.kif
2020-06-13-13-32-14,R対局(早指2),mitsuji,1250,sibakawa  jiro,1214,先手勝ち,107,対抗形;居飛車;棒銀;,向飛車;片美濃囲い;美濃囲い;,http://192.168.56.7/t-msyk.github.io/sc24/kif/2020-06-13-13-32-14-4229746-3f380b1aa3915eb2c3ae9c0f7e6176c1-toyo.kif
2020-06-13-13-05-41,R対局(早指2),Giru-giru,1929,masato3011,1964,先手勝ち,113,雁木;,カニ囲い;居飛車;棒銀;,http://192.168.56.7/t-msyk.github.io/sc24/kif/2020-06-13-13-05-41-4229100-ac854b495e8744ae0e26e1c70662a1a3-toyo.kif
2020-06-13-12-29-41,R対局(早指2),Giru-giru,1942,hashifukun,2008,後手勝ち,124,居飛車;銀冠;,四間飛車;片美濃囲い;美濃囲い;角交換四間飛車;銀冠;高美濃囲い;,http://192.168.56.7/t-msyk.github.io/sc24/kif/2020-06-13-12-29-41-4228283-f363aefde0f6a8771c299b39998d9d1b-toyo.kif
2020-06-13-04-35-50,R対局(15分),yinoue,1230,mitsuji,1267,先手勝ち,97,三間飛車;片美濃囲い;美濃囲い;,三間飛車;片美濃囲い;美濃囲い;高美濃囲い;,http://192.168.56.7/t-msyk.github.io/sc24/kif/2020-06-13-04-35-50-4221712-97adb415c2276d591551e0b3095709fb-toyo.kif
2020-06-12-22-02-39,R対局(早指),Giru-giru,1942,nokotakekun,1973,中断,3,,,http://192.168.56.7/t-msyk.github.io/sc24/kif/2020-06-12-22-02-39-4216840-3a689fb5e57c5b259e5c41dcbc565eb9-toyo.kif
2020-06-12-18-56-19,R対局(15分),mitsuji,1250,Williams,1279,先手勝ち,77,対抗形;対振り持久戦;居飛車;居飛車穴熊;,三間飛車;片美濃囲い;美濃囲い;高美濃囲い;,http://192.168.56.7/t-msyk.github.io/sc24/kif/2020-06-12-18-56-19-4211874-7ea7ddfd01298d81e88b20cb86ab1c91-toyo.kif
2020-06-12-17-33-42,R対局(早指2),K.Akinaga,1990,Giru-giru,1957,先手勝ち,125,右四間飛車;,袖飛車;,http://192.168.56.7/t-msyk.github.io/sc24/kif/2020-06-12-17-33-42-4210110-8f4467c8133dbeca14b56649a5145c3b-toyo.kif
2020-06-12-16-51-50,R対局(早指),tomoyo-3d,1957,Giru-giru,1940,後手勝ち,80,片美濃囲い;,居飛車;銀冠穴熊;,http://192.168.56.7/t-msyk.github.io/sc24/kif/2020-06-12-16-51-50-4209162-ee29b7a74d176b534fbbeb9761ecb419-toyo.kif
2020-06-12-11-30-56,R対局(早指2),xiuxiu1950,1912,Giru-giru,1924,後手勝ち,94,居飛車;船囲い;,右四間飛車;雁木;,http://192.168.56.7/t-msyk.github.io/sc24/kif/2020-06-12-11-30-56-4203734-2529c766e2ebf33aaaf9c0ec06740f68-toyo.kif
2020-06-12-11-21-31,R対局(早指2),biyoyon26,1876,Giru-giru,1909,後手勝ち,88,居飛車;棒銀;船囲い;,居飛車;ツノ銀雁木;,http://192.168.56.7/t-msyk.github.io/sc24/kif/2020-06-12-11-21-31-4203619-d670f5aa5458766a8fde2493ada7412c-toyo.kif
2020-06-12-11-10-47,R対局(早指2),hanasaka koutaro,1891,Giru-giru,1893,後手勝ち,77,居飛車;,袖飛車;ツノ銀雁木;,http://192.168.56.7/t-msyk.github.io/sc24/kif/2020-06-12-11-10-47-4203477-9fd822d5561435fc30ec76230ed56333-toyo.kif
2020-06-11-19-01-26,R対局(早指2),mitsuji,1267,hiroshi-kawano,1253,後手勝ち,88,三間飛車;早石田;,袖飛車;,http://192.168.56.7/t-msyk.github.io/sc24/kif/2020-06-11-19-01-26-4192211-ea6f27be78ec9b93a8732f49561950aa-toyo.kif
2020-06-11-18-50-54,R対局(早指2),POMW56,1871,Giru-giru,1877,後手勝ち,124,中飛車;片美濃囲い;美濃囲い;銀冠;高美濃囲い;,一直線穴熊;右四間飛車;居飛車;居飛車穴熊;,http://192.168.56.7/t-msyk.github.io/sc24/kif/2020-06-11-18-50-54-4191979-20fb86dc5069ed5df4803a676e0e3b5d-toyo.kif
2020-06-11-18-19-06,R対局(早指2),Giru-giru,1893,magic_hand,1892,後手勝ち,116,中飛車（居飛車）;銀冠;銀冠穴熊;,中飛車;片美濃囲い;銀冠;,http://192.168.56.7/t-msyk.github.io/sc24/kif/2020-06-11-18-19-06-4191336-d3d17789d08f8afbd9d1e652fe288065-toyo.kif
2020-06-10-22-49-29,R対局(早指2),ssyy77,1826,Giru-giru,1879,後手勝ち,90,,居飛車;,http://192.168.56.7/t-msyk.github.io/sc24/kif/2020-06-10-22-49-29-4178244-959b282ed4f22448f5177d2484d2d771-toyo.kif
2020-06-10-22-39-17,R対局(早指2),Giru-giru,1862,henrie,1885,先手勝ち,87,一直線穴熊;,中飛車;穴熊;,http://192.168.56.7/t-msyk.github.io/sc24/kif/2020-06-10-22-39-17-4178028-b1c797031f93233418ae034f64a6b2a3-toyo.kif
2020-06-10-22-07-22,R対局(早指2),Giru-giru,1879,ken-downtown,1848,後手勝ち,116,居飛車;雁木;,居飛車;,http://192.168.56.7/t-msyk.github.io/sc24/kif/2020-06-10-22-07-22-4177275-c10fb0735e336dc3ade32105166c065c-toyo.kif
2020-06-10-19-20-10,R対局(15分),nsv.zenk.kj,1258,mitsuji,1284,先手勝ち,167,中飛車（居飛車）;対抗形;居飛車;袖飛車;,三間飛車;片美濃囲い;美濃囲い;,http://192.168.56.7/t-msyk.github.io/sc24/kif/2020-06-10-19-20-10-4173244-7f77ea2197b600b6082976fed67597c8-toyo.kif
2020-06-10-19-17-04,R対局(早指2),Giru-giru,1866,shirakedori,1796,先手勝ち,97,袖飛車;,右四間飛車;,http://192.168.56.7/t-msyk.github.io/sc24/kif/2020-06-10-19-17-04-4173186-8386c895dcc420e38c3bce15e191841a-toyo.kif
2020-06-10-18-59-49,R対局(早指2),221107,1892,Giru-giru,1882,先手勝ち,117,右玉;,袖飛車;雁木;,http://192.168.56.7/t-msyk.github.io/sc24/kif/2020-06-10-18-59-49-4172880-649f229fa1247e0e5d58db3f6019b478-toyo.kif
2020-06-10-18-35-58,R対局(早指),inazousan,1986,Giru-giru,1894,先手勝ち,109,三間飛車;早石田;片美濃囲い;美濃囲い;,右四間飛車;エルモ囲い;,http://192.168.56.7/t-msyk.github.io/sc24/kif/2020-06-10-18-35-58-4172425-b21d3e4b6dbcb99d8a7083a2d92dc877-toyo.kif
2020-06-10-16-23-15,R対局(15分),Rittuka,1360,cuncoro,1339,先手勝ち,89,四間飛車;片美濃囲い;,向飛車;片美濃囲い;美濃囲い;,http://192.168.56.7/t-msyk.github.io/sc24/kif/2020-06-10-16-23-15-4169844-aeaded64441cfabc0007b8140ef527e7-toyo.kif
2020-06-09-19-16-10,R対局(15分),cuncoro,1323,sokonofu,1319,先手勝ち,117,四間飛車;美濃囲い;,右四間飛車;天守閣美濃;対抗形;居飛車;船囲い;袖飛車;,http://192.168.56.7/t-msyk.github.io/sc24/kif/2020-06-09-19-16-10-4154403-7f4af0241ae4ab2549b4ed301a6325cd-toyo.kif
2020-06-09-18-45-29,R対局(早指),ibataku,1858,Giru-giru,1879,後手勝ち,104,居飛車;,右四間飛車;雁木;,http://192.168.56.7/t-msyk.github.io/sc24/kif/2020-06-09-18-45-29-4153810-85fd8f4c22857a575a083c11357f92d4-toyo.kif
2020-06-09-18-39-01,R対局(早指2),m.vodka,1871,Giru-giru,1863,後手勝ち,58,右四間飛車;居飛車;,雁木;,http://192.168.56.7/t-msyk.github.io/sc24/kif/2020-06-09-18-39-01-4153674-089b6994bf26ea22f5e71f805823639a-toyo.kif
2020-06-09-18-19-05,R対局(早指2),Ukraine,1959,Giru-giru,1876,先手勝ち,133,右四間飛車;居飛車;船囲い;,居飛車;雁木;,http://192.168.56.7/t-msyk.github.io/sc24/kif/2020-06-09-18-19-05-4153269-fa1d840d8e096ce70e6cc2b8c07dc288-toyo.kif
2020-06-09-18-09-26,R対局(早指2),akihiko.i,1907,Giru-giru,1891,先手勝ち,67,右四間飛車;,中飛車（居飛車）;袖飛車;雁木;,http://192.168.56.7/t-msyk.github.io/sc24/kif/2020-06-09-18-09-26-4153081-9a5ac000b229b09c43a3f42954ac6146-toyo.kif
2020-06-09-18-01-49,R対局(早指2),Giru-giru,1878,chobokobo,1815,先手勝ち,82,雁木;,居飛車;船囲い;,http://192.168.56.7/t-msyk.github.io/sc24/kif/2020-06-09-18-01-49-4152937-7d33f5fa6a9abc0f998f3c8969099f7f-toyo.kif
2020-06-09-17-51-38,R対局(早指2),zazabi,1892,Giru-giru,1894,先手勝ち,115,四間飛車;早石田;片美濃囲い;美濃囲い;,居飛車;居飛車穴熊;,http://192.168.56.7/t-msyk.github.io/sc24/kif/2020-06-09-17-51-38-4152753-27e1a3540edaedc06a4a06c6aa229659-toyo.kif
2020-06-09-17-34-15,R対局(早指),Giru-giru,1912,zazabi,1874,後手勝ち,146,,居飛車;,http://192.168.56.7/t-msyk.github.io/sc24/kif/2020-06-09-17-34-15-4152383-99b85bd476cb4873522d5cf8e2592afd-toyo.kif
2020-06-09-17-23-59,R対局(早指2),namechanoba,1097,mitsuji,1275,後手勝ち,78,右四間飛車;対抗形;対振り持久戦;居飛車;,三間飛車;片美濃囲い;美濃囲い;,http://192.168.56.7/t-msyk.github.io/sc24/kif/2020-06-09-17-23-59-4152195-8b334e70b19156cdbc477c013948f240-toyo.kif
2020-06-09-12-21-52,R対局(早指2),MJSPDR,1276,mitsuji,1292,先手勝ち,157,右四間飛車;,三間飛車;片美濃囲い;石田流本組;美濃囲い;,http://192.168.56.7/t-msyk.github.io/sc24/kif/2020-06-09-12-21-52-4147318-09fdc2a32cec897bedb476e86ba5e0fb-toyo.kif
2020-06-08-18-04-24,R対局(早指2),masaaki0077,1917,Giru-giru,1895,後手勝ち,150,中飛車;片美濃囲い;銀冠;高美濃囲い;,一直線穴熊;居飛車;居飛車穴熊;船囲い;,http://192.168.56.7/t-msyk.github.io/sc24/kif/2020-06-08-18-04-24-4135565-e1a69050539d2d1ea0bf10761a745930-toyo.kif
2020-06-08-17-46-53,R対局(早指2),mitsuji,1276,Yasuhiro---,1280,先手勝ち,83,三間飛車;早石田;片美濃囲い;美濃囲い;,右四間飛車;,http://192.168.56.7/t-msyk.github.io/sc24/kif/2020-06-08-17-46-53-4135286-dfb534d5034472411838dbf9511d6587-toyo.kif
2020-06-08-17-44-20,R対局(早指2),bobobobo,1929,Giru-giru,1877,後手勝ち,118,三間飛車;片美濃囲い;石田流本組;美濃囲い;,居飛車;居飛車穴熊;,http://192.168.56.7/t-msyk.github.io/sc24/kif/2020-06-08-17-44-20-4135241-c21593c01be167cf9422c7135de8be09-toyo.kif
2020-06-07-20-46-31,R対局(早指3),yusuke++,2169,tabokou11,2054,先手勝ち,95,中飛車;片美濃囲い;,居飛車;船囲い;,http://192.168.56.7/t-msyk.github.io/sc24/kif/2020-06-07-20-46-31-4121219-9406f324464bbe4bc5577d31e1dd9ba0-toyo.kif
2020-06-07-20-37-16,R対局(早指3),idatenFOX,2020,tabokou11,2072,先手勝ち,51,中飛車;,中飛車（居飛車）;,http://192.168.56.7/t-msyk.github.io/sc24/kif/2020-06-07-20-37-16-4120964-c0b16c284e0c1320383c8562c3b1e829-toyo.kif
2020-06-07-20-22-17,R対局(早指3),tabokou11,2062,2424242424242424,1910,先手勝ち,107,右四間飛車;菊水矢倉;,居飛車;片矢倉;船囲い;袖飛車;,http://192.168.56.7/t-msyk.github.io/sc24/kif/2020-06-07-20-22-17-4120597-7271599f4bfe55ef2e8e326028832fb4-toyo.kif
2020-06-07-20-05-06,R対局(早指3),2424242424242424,1921,tabokou11,2051,後手勝ち,144,居飛車;,居飛車;,http://192.168.56.7/t-msyk.github.io/sc24/kif/2020-06-07-20-05-06-4120188-4b66f7bbd7a0258b0a7bdb001901ac16-toyo.kif
2020-06-07-19-57-14,R対局(早指3),221107,1938,tabokou11,2039,後手勝ち,72,居飛車;相掛かり;,居飛車;相掛かり;,http://192.168.56.7/t-msyk.github.io/sc24/kif/2020-06-07-19-57-14-4120004-166d03635dc92d1c8c6589654d97c16a-toyo.kif
2020-06-07-19-34-01,R対局(早指3),silver-stick-rab,2256,tabokou11,2047,先手勝ち,119,居飛車;袖飛車;,右四間飛車;菊水矢倉;,http://192.168.56.7/t-msyk.github.io/sc24/kif/2020-06-07-19-34-01-4119432-d6e47dab9c3d3ec0df35ae02d4401684-toyo.kif
2020-06-07-19-28-17,R対局(15分),mitsuji,1260,roxanne,1270,先手勝ち,79,三間飛車;早石田;,居飛車;銀冠;銀冠穴熊;,http://192.168.56.7/t-msyk.github.io/sc24/kif/2020-06-07-19-28-17-4119282-e3f612f7aed75daadc035c5d1f831214-toyo.kif
2020-06-07-19-04-15,R対局(早指3),tabokou11,2034,221107,1951,先手勝ち,179,居飛車;雁木;,,http://192.168.56.7/t-msyk.github.io/sc24/kif/2020-06-07-19-04-15-4118733-b1febd0b5e65dc1b682253673a09f0eb-toyo.kif
2020-06-07-18-53-19,R対局(早指3),tabokou11,2042,silver-stick-rab,2248,後手勝ち,78,居飛車;,カニ囲い;居飛車;袖飛車;,http://192.168.56.7/t-msyk.github.io/sc24/kif/2020-06-07-18-53-19-4118479-1f16d112be5efcc477d1ca7079a524a2-toyo.kif
2020-06-07-18-40-46,R対局(早指),housaku,1943,tabokou11,2029,後手勝ち,90,四間飛車;片美濃囲い;美濃囲い;高美濃囲い;,居飛車;居飛車穴熊;,http://192.168.56.7/t-msyk.github.io/sc24/kif/2020-06-07-18-40-46-4118176-7bcb62ac294efc07b0e83ab8ca8f5a02-toyo.kif
2020-06-07-18-24-39,R対局(早指),tabokou11,2015,housaku,1957,先手勝ち,137,対抗形;対振り持久戦;居飛車;居飛車穴熊;船囲い;,四間飛車;片美濃囲い;美濃囲い;高美濃囲い;,http://192.168.56.7/t-msyk.github.io/sc24/kif/2020-06-07-18-24-39-4117775-55bd38b2394968fca62a09db103dd251-toyo.kif
2020-06-07-17-42-59,R対局(早指2),m.vodka,1839,Giru-giru,1862,後手勝ち,72,袖飛車;,,http://192.168.56.7/t-msyk.github.io/sc24/kif/2020-06-07-17-42-59-4116693-b16b479ca9d283e70a505b9e28f236e9-toyo.kif
2020-06-07-17-32-07,R対局(早指2),humin2,1833,Giru-giru,1880,先手勝ち,89,三間飛車;早石田;片美濃囲い;美濃囲い;,右四間飛車;エルモ囲い;,http://192.168.56.7/t-msyk.github.io/sc24/kif/2020-06-07-17-32-07-4116352-6c208c159226a1b5b1edbfe9361edc46-toyo.kif
2020-06-07-15-39-21,R対局(早指),fwiw4730,1902,Giru-giru,1896,先手勝ち,125,右玉;角換わり;,居飛車;腰掛け銀;角換わり;,http://192.168.56.7/t-msyk.github.io/sc24/kif/2020-06-07-15-39-21-4112755-03f7a251b823d03df3f976fb7f52aebe-toyo.kif
2020-06-07-15-27-46,R対局(早指),fwiw4730,1920,Giru-giru,1878,後手勝ち,104,右玉;角換わり;,腰掛け銀;角換わり;,http://192.168.56.7/t-msyk.github.io/sc24/kif/2020-06-07-15-27-46-4112432-f32372323ea490cd39735ad12ec67934-toyo.kif
2020-06-07-14-59-38,R対局(早指),runaway,1872,Giru-giru,1862,後手勝ち,134,四間飛車;穴熊;,居飛車穴熊;,http://192.168.56.7/t-msyk.github.io/sc24/kif/2020-06-07-14-59-38-4111657-2146e4e8c55029bd3684bbf222cb26a9-toyo.kif
2020-06-07-14-54-09,R対局(早指2),tabokou11,2037,ryosuke43,1896,後手勝ち,50,右四間飛車;居飛車;,ゴキゲン中飛車;中飛車;,http://192.168.56.7/t-msyk.github.io/sc24/kif/2020-06-07-14-54-09-4111510-46093f1466d300c913bdad8bc677fc8b-toyo.kif
2020-06-07-14-47-24,R対局(早指),Giru-giru,1880,kaekoda,1831,後手勝ち,132,一直線穴熊;右四間飛車;居飛車;居飛車穴熊;,中飛車;片美濃囲い;高美濃囲い;,http://192.168.56.7/t-msyk.github.io/sc24/kif/2020-06-07-14-47-24-4111323-8801eb40a5197b0c0d702b8c9102aa5f-toyo.kif
2020-06-07-14-41-13,R対局(早指2),Giru-giru,1898,dipole,1853,後手勝ち,80,エルモ囲い;対抗形;居飛車;,三間飛車;片美濃囲い;,http://192.168.56.7/t-msyk.github.io/sc24/kif/2020-06-07-14-41-13-4111171-c5b559dfdbd5f20c09b42088c2104f52-toyo.kif
2020-06-07-14-15-56,R対局(早指),papipu,2018,tabokou11,2054,先手勝ち,221,右四間飛車;居飛車;,居飛車;,http://192.168.56.7/t-msyk.github.io/sc24/kif/2020-06-07-14-15-56-4110484-0f7cdf35c314d9313f40fa8d804e2cdf-toyo.kif
2020-06-07-13-55-18,R対局(早指3),miyotake,2017,tabokou11,2039,後手勝ち,124,中飛車;穴熊;,右四間飛車;居飛車;船囲い;,http://192.168.56.7/t-msyk.github.io/sc24/kif/2020-06-07-13-55-18-4109925-4dd171ead515822b7dcfd1f58bac3626-toyo.kif
2020-06-07-13-26-42,R対局(早指2),tabokou11,2057,tamago5,2010,後手勝ち,134,居飛車;銀冠;,三間飛車;早石田;片美濃囲い;石田流本組;美濃囲い;,http://192.168.56.7/t-msyk.github.io/sc24/kif/2020-06-07-13-26-42-4109219-7e46a68d1fa7d195e48dee85e5e2f590-toyo.kif
2020-06-07-13-11-44,R対局(早指),tabokou11,2046,Thukasa,1928,先手勝ち,95,居飛車;棒銀;角換わり;,居飛車;角換わり;,http://192.168.56.7/t-msyk.github.io/sc24/kif/2020-06-07-13-11-44-4108869-c95c3f9428d739cbbcc3b866663ef1e3-toyo.kif
2020-06-06-23-22-57,R対局(早指2),dark-kuppa,1937,tabokou11,2067,先手勝ち,85,居飛車;,居飛車;,http://192.168.56.7/t-msyk.github.io/sc24/kif/2020-06-06-23-22-57-4099210-9c21d99f9cc8ec7e971c19f9380e418c-toyo.kif
2020-06-06-23-04-02,R対局(早指2),Jun-Sato,2090,tabokou11,2083,先手勝ち,99,中飛車;穴熊;,右四間飛車;対振り持久戦;居飛車;居飛車穴熊;船囲い;,http://192.168.56.7/t-msyk.github.io/sc24/kif/2020-06-06-23-04-02-4098785-e64f08f00b891665a15c544998f6fdd2-toyo.kif
2020-06-06-22-47-06,R対局(早指2),tabokou11,2067,Mr.October,2062,先手勝ち,89,右四間飛車;腰掛け銀;角換わり;,腰掛け銀;角換わり;,http://192.168.56.7/t-msyk.github.io/sc24/kif/2020-06-06-22-47-06-4098385-38459bae37592648af1a6690b0cc659b-toyo.kif
2020-06-06-22-25-40,R対局(早指2),Peruri,2051,tabokou11,2084,先手勝ち,97,居飛車;腰掛け銀;,居飛車;雁木;,http://192.168.56.7/t-msyk.github.io/sc24/kif/2020-06-06-22-25-40-4097868-3228495a82883ae96fa19902c191e2ab-toyo.kif
2020-06-06-22-18-46,R対局(早指2),Buddha Machine,2059,tabokou11,2068,後手勝ち,61,居飛車;,,http://192.168.56.7/t-msyk.github.io/sc24/kif/2020-06-06-22-18-46-4097695-ea0522c26ff0ad1596f1076bef43f6de-toyo.kif
2020-06-06-22-06-47,R対局(早指2),Tribbiani,2021,tabokou11,2087,先手勝ち,49,四間飛車;,対抗形;対振り持久戦;居飛車;,http://192.168.56.7/t-msyk.github.io/sc24/kif/2020-06-06-22-06-47-4097409-2a6c57bd3e6c6f650075c0970fc45cf4-toyo.kif
2020-06-06-21-57-45,R対局(早指2),pikaso1950,2001,tabokou11,2107,先手勝ち,75,居飛車;棒銀;,,http://192.168.56.7/t-msyk.github.io/sc24/kif/2020-06-06-21-57-45-4097160-422eb57979c8751e46d1159947b90862-toyo.kif
2020-06-06-21-39-40,R対局(早指2),Maria Bishop,2031,tabokou11,2127,先手勝ち,73,三間飛車;片美濃囲い;,居飛車;,http://192.168.56.7/t-msyk.github.io/sc24/kif/2020-06-06-21-39-40-4096675-6c64473bd9063029a2d1d1e4abf85ef7-toyo.kif
2020-06-06-21-15-51,R対局(早指2),tabokou11,2146,mannto-fukui,2066,後手勝ち,122,対抗形;対振り持久戦;居飛車;居飛車穴熊;,三間飛車;片美濃囲い;美濃囲い;,http://192.168.56.7/t-msyk.github.io/sc24/kif/2020-06-06-21-15-51-4096004-5ab5b9b0568d0351b10d738cd78b386e-toyo.kif
2020-06-06-21-03-25,R対局(早指2),ATUATU,2127,tabokou11,2130,後手勝ち,64,三間飛車;早石田;,右四間飛車;,http://192.168.56.7/t-msyk.github.io/sc24/kif/2020-06-06-21-03-25-4095679-c1490b3dac83bc900bffccb989ce5077-toyo.kif
2020-06-06-20-46-44,R対局(早指2),shotkun,2065,tabokou11,2149,先手勝ち,81,右四間飛車;,居飛車;袖飛車;,http://192.168.56.7/t-msyk.github.io/sc24/kif/2020-06-06-20-46-44-4095216-49582cd34f52172baf96aa9171e47434-toyo.kif
2020-06-06-20-13-24,R対局(早指2),tabokou11,2137,Grant Hill,2026,先手勝ち,119,居飛車;棒銀;角換わり;,居飛車;角換わり;,http://192.168.56.7/t-msyk.github.io/sc24/kif/2020-06-06-20-13-24-4094281-bf05164e5c63243b1f686a06e47834b3-toyo.kif
2020-06-06-19-43-20,R対局(15分),kyujiu,1356,cuncoro,1305,後手勝ち,130,船囲い;,四間飛車;片美濃囲い;高美濃囲い;,http://192.168.56.7/t-msyk.github.io/sc24/kif/2020-06-06-19-43-20-4093518-92a6681c4cb0dc0fc10967e1c463ebb5-toyo.kif
2020-06-06-18-45-40,R対局(15分),Euler729,337,ha2268,368,先手勝ち,107,四間飛車;片美濃囲い;美濃囲い;高美濃囲い;,三間飛車;片美濃囲い;美濃囲い;,http://192.168.56.7/t-msyk.github.io/sc24/kif/2020-06-06-18-45-40-4092162-9f7102513c194de01b2837a227cc4c61-toyo.kif
2020-06-06-18-45-31,R対局(15分),cielstar3,181,Yasu0228,146,後手勝ち,180,四間飛車;片美濃囲い;,居飛車;,http://192.168.56.7/t-msyk.github.io/sc24/kif/2020-06-06-18-45-31-4092160-d35e215e5cd32c1c3e3ddc1a94ee7774-toyo.kif
2020-06-06-18-37-35,R対局(15分),elri1219,7,cielstar3,172,後手勝ち,58,対抗形;対振り持久戦;居飛車;船囲い;銀冠;,四間飛車;片美濃囲い;美濃囲い;,http://192.168.56.7/t-msyk.github.io/sc24/kif/2020-06-06-18-37-35-4091999-8168e90b925dfa955be994f4083727b6-toyo.kif
2020-06-05-12-23-21,R対局(15分),atom123,1298,cuncoro,1322,先手勝ち,115,居飛車;銀冠;,四間飛車;片美濃囲い;美濃囲い;角交換四間飛車;高美濃囲い;,http://192.168.56.7/t-msyk.github.io/sc24/kif/2020-06-05-12-23-21-4059760-605374026ccca20b5db56f98169aebad-toyo.kif
2020-06-05-11-42-05,R対局(15分),mitsuji,1243,Zoshima,1263,先手勝ち,125,三間飛車;片美濃囲い;美濃囲い;高美濃囲い;,対抗形;居飛車;船囲い;,http://192.168.56.7/t-msyk.github.io/sc24/kif/2020-06-05-11-42-05-4059284-9f38c5b78e6ae618a1068db4025ea80a-toyo.kif
2020-06-04-21-43-23,R対局(早指2),mitsuji,1229,silverocn,1190,先手勝ち,49,三間飛車;早石田;,四間飛車;居飛車;,http://192.168.56.7/t-msyk.github.io/sc24/kif/2020-06-04-21-43-23-4052395-afaba822ebb68647d1962437cac5b891-toyo.kif
2020-06-04-20-06-01,R対局(早指2),oyaoya08,1054,mitsuji,1220,後手勝ち,89,向飛車;片美濃囲い;筋違い角;美濃囲い;高美濃囲い;,筋違い角;,http://192.168.56.7/t-msyk.github.io/sc24/kif/2020-06-04-20-06-01-4049957-62f71775425e1415e329bd958417fc8d-toyo.kif
2020-06-04-19-25-33,R対局(早指2),super wet,1199,mitsuji,1204,後手勝ち,84,居飛車;袖飛車;,三間飛車;片美濃囲い;美濃囲い;,http://192.168.56.7/t-msyk.github.io/sc24/kif/2020-06-04-19-25-33-4049268-3046f61cf7dd947bf0ee26f46769770a-toyo.kif
2020-06-03-18-48-25,R対局(早指2),wt1806,1173,mitsuji,1189,後手勝ち,180,対抗形;居飛車;船囲い;,三間飛車;片美濃囲い;美濃囲い;銀冠;高美濃囲い;,http://192.168.56.7/t-msyk.github.io/sc24/kif/2020-06-03-18-48-25-4031121-8675560fa83d84c78b508bf7a3164185-toyo.kif
2020-06-03-11-54-04,R対局(15分),xxcrossxx,1300,cuncoro,1306,後手勝ち,76,中飛車;中飛車（居飛車）;居飛車穴熊;,三間飛車;片美濃囲い;美濃囲い;,http://192.168.56.7/t-msyk.github.io/sc24/kif/2020-06-03-11-54-04-4024038-4e221157dc5378f51588aaa83412c922-toyo.kif
2020-06-02-20-56-58,R対局(15分),kojiro-mitosa,1272,mitsuji,1202,先手勝ち,79,中飛車;穴熊;,中飛車（居飛車）;,http://192.168.56.7/t-msyk.github.io/sc24/kif/2020-06-02-20-56-58-4015475-af97bbf4e3a59843a01f1c344622e6a6-toyo.kif
2020-06-02-18-50-59,R対局(早指2),mitsuji,1221,eimonnkogure,1150,後手勝ち,122,三間飛車;早石田;片美濃囲い;美濃囲い;,右四間飛車;,http://192.168.56.7/t-msyk.github.io/sc24/kif/2020-06-02-18-50-59-4012795-90fa87b9acb8dda267f46b3d96d770e6-toyo.kif
2020-06-02-14-03-28,R対局(15分),rusalka-s,1194,cuncoro,1327,先手勝ち,91,向飛車;,三間飛車;,http://192.168.56.7/t-msyk.github.io/sc24/kif/2020-06-02-14-03-28-4007826-fb50e0d00aca37ee97085f66a6e4f9cc-toyo.kif
2020-06-01-22-24-34,R対局(早指2),mikana,1269,mitsuji,1236,先手勝ち,91,対抗形;居飛車;,三間飛車;片美濃囲い;美濃囲い;,http://192.168.56.7/t-msyk.github.io/sc24/kif/2020-06-01-22-24-34-3999924-016a4de18a76d3ff537e1b20e7c714d3-toyo.kif
2020-06-01-14-48-19,R対局(15分),cuncoro,1352,iwama tatsuo,1116,後手勝ち,74,向飛車;,三間飛車;金無双;,http://192.168.56.7/t-msyk.github.io/sc24/kif/2020-06-01-14-48-19-3989989-16c55abbc29ff9f1ce2d1733fc4ae45c-toyo.kif
2020-05-31-21-43-15,R対局(早指),aa0166,1253,mitsuji,1219,後手勝ち,170,中飛車;,中飛車（居飛車）;,http://192.168.56.7/t-msyk.github.io/sc24/kif/2020-05-31-21-43-15-3980470-3f93f67e7630cb7537b8395a6a2620a7-toyo.kif
2020-05-31-18-48-53,R対局(早指2),mitsuji,1235,noburin-poland,1243,後手勝ち,102,三間飛車;早石田;片美濃囲い;美濃囲い;高美濃囲い;,三間飛車;片美濃囲い;美濃囲い;銀冠;,http://192.168.56.7/t-msyk.github.io/sc24/kif/2020-05-31-18-48-53-3975965-8876f593542bc56b02819ea4e046e68d-toyo.kif
2020-05-31-10-51-38,R対局(早指2),momosaburo,1287,mitsuji,1249,先手勝ち,139,居飛車;,三間飛車;片美濃囲い;美濃囲い;,http://192.168.56.7/t-msyk.github.io/sc24/kif/2020-05-31-10-51-38-3963513-49a5e56795c108c34fae580f530138fc-toyo.kif
2020-05-30-10-03-37,R対局(早指),mitsuji,1233,MiyuMiyako,1245,先手勝ち,79,三間飛車;早石田;片美濃囲い;石田流本組;美濃囲い;,居飛車穴熊;,http://192.168.56.7/t-msyk.github.io/sc24/kif/2020-05-30-10-03-37-3937146-172798e6a787ffe8618752b44a663a68-toyo.kif
2020-05-29-10-07-38,R対局(早指2),mitsuji,1216,yinoue,1235,先手勝ち,59,三間飛車;早石田;,,http://192.168.56.7/t-msyk.github.io/sc24/kif/2020-05-29-10-07-38-3915840-168cba59eb292b28030a51b684b7a54d-toyo.kif
2020-05-28-21-13-51,R対局(早指2),mitsuji,1200,hirira,1194,先手勝ち,89,三間飛車;早石田;片美濃囲い;,四間飛車;,http://192.168.56.7/t-msyk.github.io/sc24/kif/2020-05-28-21-13-51-3908936-0d8648c8bc95bc7f1e4192307e69e4be-toyo.kif
2020-05-27-12-09-15,R対局(15分),kagula,1234,mitsuji,1215,先手勝ち,135,四間飛車;片美濃囲い;美濃囲い;高美濃囲い;,エルモ囲い;,http://192.168.56.7/t-msyk.github.io/sc24/kif/2020-05-27-12-09-15-3878006-35bdf4ac4c148d9d170bacfcec7f46db-toyo.kif
2020-05-27-11-19-06,R対局(15分),kagula,1246,cuncoro,1340,後手勝ち,154,四間飛車;,向飛車;片美濃囲い;美濃囲い;,http://192.168.56.7/t-msyk.github.io/sc24/kif/2020-05-27-11-19-06-3877337-8929ec022f503d7eeb58cd3b5f9ca3ce-toyo.kif
2020-05-26-21-39-15,R対局(15分),hirira,1201,mitsuji,1199,後手勝ち,148,四間飛車;穴熊;,右四間飛車;エルモ囲い;袖飛車;,http://192.168.56.7/t-msyk.github.io/sc24/kif/2020-05-26-21-39-15-3869838-1e7353bb95c2ac1826b768a0b6974841-toyo.kif
2020-05-26-19-17-24,R対局(早指2),Jouji Atusi,1177,mitsuji,1183,後手勝ち,76,中飛車;,,http://192.168.56.7/t-msyk.github.io/sc24/kif/2020-05-26-19-17-24-3865944-f54b5fdaf658fa9b20bcb2b8b88945a8-toyo.kif
2020-05-25-21-45-44,R対局(早指2),mitsuji,1168,mo-nburan,1148,先手勝ち,109,三間飛車;早石田;片美濃囲い;石田流本組;美濃囲い;,居飛車;船囲い;,http://192.168.56.7/t-msyk.github.io/sc24/kif/2020-05-25-21-45-44-3849505-1f2ec41cd74eb6268a62d3fdda559f73-toyo.kif
2020-05-25-20-35-14,R対局(早指2),tabokou11,2153,ayutomo,2161,後手勝ち,106,居飛車;角換わり;,居飛車;角換わり;,http://192.168.56.7/t-msyk.github.io/sc24/kif/2020-05-25-20-35-14-3847497-6ea0dd0a080d2e08526fc69048554629-toyo.kif
2020-05-25-18-35-09,R対局(早指2),H-Sujiemon,1179,mitsuji,1151,後手勝ち,114,三間飛車;早石田;片美濃囲い;美濃囲い;,右四間飛車;,http://192.168.56.7/t-msyk.github.io/sc24/kif/2020-05-25-18-35-09-3844630-f33ac962d6b38eae380e028f98c31ccf-toyo.kif
2020-05-25-17-31-50,R対局(早指2),ken kikkawa,1096,mitsuji,1137,後手勝ち,116,片美濃囲い;,居飛車;居飛車穴熊;,http://192.168.56.7/t-msyk.github.io/sc24/kif/2020-05-25-17-31-50-3843316-db5806e2550c7c75b6eabc49a2888efe-toyo.kif
2020-05-24-15-34-13,R対局(早指2),tanay0shi,1090,mitsuji,1122,後手勝ち,112,三間飛車;,三間飛車;,http://192.168.56.7/t-msyk.github.io/sc24/kif/2020-05-24-15-34-13-3818883-43d1a82220507ab0061af14e860436d0-toyo.kif
2020-05-23-21-26-02,R対局(早指2),mitsuji,1106,012072,1113,先手勝ち,89,三間飛車;早石田;金無双;,三間飛車;高美濃囲い;,http://192.168.56.7/t-msyk.github.io/sc24/kif/2020-05-23-21-26-02-3802162-6702ea0028f6ddee6938b6f65c9d03af-toyo.kif
2020-05-23-10-33-55,R対局(早指2),mitsuji,1122,icecoffe,1119,後手勝ち,78,三間飛車;早石田;,三間飛車;,http://192.168.56.7/t-msyk.github.io/sc24/kif/2020-05-23-10-33-55-3784584-34369436fad0659b37087bea4b3ea030-toyo.kif
2020-05-23-09-17-06,R対局(早指2),blackmomonga,1197,mitsuji,1102,後手勝ち,102,,居飛車;雁木;,http://192.168.56.7/t-msyk.github.io/sc24/kif/2020-05-23-09-17-06-3783057-80b4d060582a21637a419a9ef25318f1-toyo.kif
2020-05-22-02-23-19,R対局(早指2),relax1,995,mitsuji,1090,後手勝ち,138,対抗形;居飛車;船囲い;袖飛車;,三間飛車;片美濃囲い;美濃囲い;高美濃囲い;,http://192.168.56.7/t-msyk.github.io/sc24/kif/2020-05-22-02-23-19-3758390-eb72b85676c59ccb7275f5856c490fa6-toyo.kif
2020-05-21-23-48-16,R対局(早指2),moriso,1171,mitsuji,1103,先手勝ち,129,対抗形;居飛車;船囲い;,三間飛車;,http://192.168.56.7/t-msyk.github.io/sc24/kif/2020-05-21-23-48-16-3757160-f506698bdf6208f3715f51da74351baf-toyo.kif
2020-05-21-23-14-58,R対局(早指2),kohtan-king,1103,mitsuji,1120,先手勝ち,151,四間飛車;片美濃囲い;美濃囲い;,三間飛車;片美濃囲い;美濃囲い;,http://192.168.56.7/t-msyk.github.io/sc24/kif/2020-05-21-23-14-58-3756649-3f63481c7007913987038f98cb3f3adb-toyo.kif
2020-05-21-22-54-49,R対局(15分),mitsuji,1103,HihinHihin,1117,先手勝ち,53,三間飛車;片美濃囲い;美濃囲い;,対抗形;居飛車;船囲い;,http://192.168.56.7/t-msyk.github.io/sc24/kif/2020-05-21-22-54-49-3756247-2ef37269e539c63b218039093839a908-toyo.kif
2020-05-21-22-39-54,R対局(早指),heppokojiji,1078,mitsuji,1087,後手勝ち,100,天守閣美濃;,三間飛車;,http://192.168.56.7/t-msyk.github.io/sc24/kif/2020-05-21-22-39-54-3755918-d2464de5e7e644acfaaf5900e23834ff-toyo.kif
2020-05-21-20-01-27,R対局(早指2),mitsuji,1104,kurunao,1073,後手勝ち,98,右四間飛車;居飛車;腰掛け銀;角換わり;,腰掛け銀;角換わり;,http://192.168.56.7/t-msyk.github.io/sc24/kif/2020-05-21-20-01-27-3751624-4ff7dbff34b0269a245dc2c32f2ed136-toyo.kif
2020-05-21-18-02-24,R対局(早指2),mitsuji,1087,cooldaice1976,1102,先手勝ち,97,中飛車（居飛車）;,四間飛車;片美濃囲い;美濃囲い;,http://192.168.56.7/t-msyk.github.io/sc24/kif/2020-05-21-18-02-24-3749045-0fd4637aa7f2428722116ff5af0d7b27-toyo.kif
2020-05-21-17-31-38,R対局(早指2),mitsuji,1071,yu.sanada,1066,先手勝ち,129,中飛車（居飛車）;,中飛車（居飛車）;居飛車;,http://192.168.56.7/t-msyk.github.io/sc24/kif/2020-05-21-17-31-38-3748347-cbec154865d076dd7f7a5a473a4bddad-toyo.kif
2020-05-20-23-58-27,R対局(早指2),habu123,1099,mitsuji,1086,先手勝ち,179,右四間飛車;対抗形;居飛車;,三間飛車;片美濃囲い;美濃囲い;,http://192.168.56.7/t-msyk.github.io/sc24/kif/2020-05-20-23-58-27-3736753-389cf14f3d184789b91ac3ebf3a6b160-toyo.kif
2020-05-20-23-39-02,R対局(15分),moriko-0627,1104,mitsuji,1102,先手勝ち,95,対抗形;対振り持久戦;居飛車;船囲い;袖飛車;,三間飛車;片美濃囲い;美濃囲い;高美濃囲い;,http://192.168.56.7/t-msyk.github.io/sc24/kif/2020-05-20-23-39-02-3736459-435a4bd0a22944fb7def82c454be6f8e-toyo.kif
2020-05-20-20-30-33,R対局(早指2),mopetken,1084,mitsuji,1086,後手勝ち,114,三間飛車;早石田;,,http://192.168.56.7/t-msyk.github.io/sc24/kif/2020-05-20-20-30-33-3731625-b26176d450f406485633429ec1e1b896-toyo.kif
2020-05-20-20-16-05,R対局(早指2),mitsuji,1101,taichi.k,1132,後手勝ち,64,三間飛車;早石田;,三間飛車;,http://192.168.56.7/t-msyk.github.io/sc24/kif/2020-05-20-20-16-05-3731192-daf26d2d94e1c910926cc589dfaf97d6-toyo.kif
2020-05-19-19-40-20,R対局(早指2),mitsuji,1082,torakenm,1147,先手勝ち,55,三間飛車;早石田;片美濃囲い;美濃囲い;,居飛車;袖飛車;,http://192.168.56.7/t-msyk.github.io/sc24/kif/2020-05-19-19-40-20-3708850-5df62cba847063dd13b6f665e4f218f8-toyo.kif
2020-05-19-19-21-09,R対局(早指2),mitsuji,1099,birishima,1068,後手勝ち,90,三間飛車;早石田;片美濃囲い;,中飛車;片美濃囲い;,http://192.168.56.7/t-msyk.github.io/sc24/kif/2020-05-19-19-21-09-3708387-72f3ffbb26abd07d9949a855650eb468-toyo.kif
2020-05-19-19-02-26,R対局(早指2),mitsuji,1114,ganbaruzouuu,1136,後手勝ち,80,三間飛車;早石田;片美濃囲い;美濃囲い;,三間飛車;,http://192.168.56.7/t-msyk.github.io/sc24/kif/2020-05-19-19-02-26-3707987-16e8532a63904111c6eaeac0b4eaba55-toyo.kif
2020-05-19-12-12-04,R対局(15分),koko2020,1293,cuncoro,1359,先手勝ち,97,対抗形;居飛車;矢倉;船囲い;,四間飛車;片美濃囲い;美濃囲い;銀冠;高美濃囲い;,http://192.168.56.7/t-msyk.github.io/sc24/kif/2020-05-19-12-12-04-3699275-634cce4822f7fe849baf075faf28167c-toyo.kif
2020-05-19-05-03-36,R対局(早指2),Y21131,1180,mitsuji,1095,後手勝ち,88,四間飛車;,三間飛車;片美濃囲い;美濃囲い;,http://192.168.56.7/t-msyk.github.io/sc24/kif/2020-05-19-05-03-36-3695334-a5e5f5bd4804a563f7a5cb46aa0bd354-toyo.kif
2020-05-19-04-43-23,R対局(早指2),ssaeki,1151,mitsuji,1109,先手勝ち,81,対抗形;居飛車;船囲い;袖飛車;,三間飛車;片美濃囲い;美濃囲い;,http://192.168.56.7/t-msyk.github.io/sc24/kif/2020-05-19-04-43-23-3695273-51a6791db50b486816b2a5ec36bb2664-toyo.kif
2020-05-18-20-37-01,R対局(15分),mitsuji,1094,COBBYS,1081,先手勝ち,101,三間飛車;早石田;片美濃囲い;石田流本組;美濃囲い;,四間飛車;,http://192.168.56.7/t-msyk.github.io/sc24/kif/2020-05-18-20-37-01-3688499-7c19176851d9e2d3b17de8b9e8d2acbf-toyo.kif
2020-05-18-18-27-03,R対局(15分),mitsuji,1075,27tomo,1145,先手勝ち,67,三間飛車;早石田;片美濃囲い;美濃囲い;,居飛車;船囲い;,http://192.168.56.7/t-msyk.github.io/sc24/kif/2020-05-18-18-27-03-3685219-be5e0c0d84e6654475f8aa0bd2998957-toyo.kif
